Insert into COMPRADOR
   (ID_COMPRADOR, APELLIDO, NOMBRE, DOMICILIO, TELEFONO, 
    EMAIL)
 Values
   (31, 'apellido6', 'nombre6', 'direccion6', 'telefono6', 
    'email6');
Insert into COMPRADOR
   (ID_COMPRADOR, APELLIDO, NOMBRE, DOMICILIO, TELEFONO, 
    EMAIL)
 Values
   (32, 'apellido7', 'nombre7', 'direccion7', 'telefono7', 
    'email7');
Insert into COMPRADOR
   (ID_COMPRADOR, APELLIDO, NOMBRE, DOMICILIO, TELEFONO, 
    EMAIL)
 Values
   (33, 'apellido8', 'nombre8', 'direccion8', 'telefono8', 
    'email8');
Insert into COMPRADOR
   (ID_COMPRADOR, APELLIDO, NOMBRE, DOMICILIO, TELEFONO, 
    EMAIL)
 Values
   (34, 'apellido9', 'nombre9', 'direccion9', 'telefono9', 
    'email9');
Insert into COMPRADOR
   (ID_COMPRADOR, APELLIDO, NOMBRE, DOMICILIO, TELEFONO, 
    EMAIL)
 Values
   (35, 'apellido10', 'nombre10', 'direccion10', 'telefono10', 
    'email10');
Insert into COMPRADOR
   (ID_COMPRADOR, APELLIDO, NOMBRE, DOMICILIO, TELEFONO, 
    EMAIL)
 Values
   (36, 'apellido11', 'nombre11', 'direccion11', 'telefono11', 
    'email11');
Insert into COMPRADOR
   (ID_COMPRADOR, APELLIDO, NOMBRE, DOMICILIO, TELEFONO, 
    EMAIL)
 Values
   (37, 'apellido12', 'nombre12', 'direccion12', 'telefono12', 
    'email12');
Insert into COMPRADOR
   (ID_COMPRADOR, APELLIDO, NOMBRE, DOMICILIO, TELEFONO, 
    EMAIL)
 Values
   (38, 'apellido13', 'nombre13', 'direccion13', 'telefono13', 
    'email13');
Insert into COMPRADOR
   (ID_COMPRADOR, APELLIDO, NOMBRE, DOMICILIO, TELEFONO, 
    EMAIL)
 Values
   (39, 'apellido14', 'nombre14', 'direccion14', 'telefono14', 
    'email14');
Insert into COMPRADOR
   (ID_COMPRADOR, APELLIDO, NOMBRE, DOMICILIO, TELEFONO, 
    EMAIL)
 Values
   (40, 'apellido15', 'nombre15', 'direccion15', 'telefono15', 
    'email15');
Insert into COMPRADOR
   (ID_COMPRADOR, APELLIDO, NOMBRE, DOMICILIO, TELEFONO, 
    EMAIL)
 Values
   (41, 'apellido16', 'nombre16', 'direccion16', 'telefono16', 
    'email16');
Insert into COMPRADOR
   (ID_COMPRADOR, APELLIDO, NOMBRE, DOMICILIO, TELEFONO, 
    EMAIL)
 Values
   (42, 'apellido17', 'nombre17', 'direccion17', 'telefono17', 
    'email17');
Insert into COMPRADOR
   (ID_COMPRADOR, APELLIDO, NOMBRE, DOMICILIO, TELEFONO, 
    EMAIL)
 Values
   (43, 'apellido18', 'nombre18', 'direccion18', 'telefono18', 
    'email18');
Insert into COMPRADOR
   (ID_COMPRADOR, APELLIDO, NOMBRE, DOMICILIO, TELEFONO, 
    EMAIL)
 Values
   (44, 'apellido19', 'nombre19', 'direccion19', 'telefono19', 
    'email19');
Insert into COMPRADOR
   (ID_COMPRADOR, APELLIDO, NOMBRE, DOMICILIO, TELEFONO, 
    EMAIL)
 Values
   (45, 'apellido20', 'nombre20', 'direccion20', 'telefono20', 
    'email20');
Insert into COMPRADOR
   (ID_COMPRADOR, APELLIDO, NOMBRE, DOMICILIO, TELEFONO, 
    EMAIL)
 Values
   (46, 'apellido21', 'nombre21', 'direccion21', 'telefono21', 
    'email21');
Insert into COMPRADOR
   (ID_COMPRADOR, APELLIDO, NOMBRE, DOMICILIO, TELEFONO, 
    EMAIL)
 Values
   (47, 'apellido22', 'nombre22', 'direccion22', 'telefono22', 
    'email22');
Insert into COMPRADOR
   (ID_COMPRADOR, APELLIDO, NOMBRE, DOMICILIO, TELEFONO, 
    EMAIL)
 Values
   (48, 'apellido23', 'nombre23', 'direccion23', 'telefono23', 
    'email23');
Insert into COMPRADOR
   (ID_COMPRADOR, APELLIDO, NOMBRE, DOMICILIO, TELEFONO, 
    EMAIL)
 Values
   (49, 'apellido24', 'nombre24', 'direccion24', 'telefono24', 
    'email24');
Insert into COMPRADOR
   (ID_COMPRADOR, APELLIDO, NOMBRE, DOMICILIO, TELEFONO, 
    EMAIL)
 Values
   (50, 'apellido25', 'nombre25', 'direccion25', 'telefono25', 
    'email25');
Insert into COMPRADOR
   (ID_COMPRADOR, APELLIDO, NOMBRE, DOMICILIO, TELEFONO, 
    EMAIL)
 Values
   (51, 'apellido26', 'nombre26', 'direccion26', 'telefono26', 
    'email26');
Insert into COMPRADOR
   (ID_COMPRADOR, APELLIDO, NOMBRE, DOMICILIO, TELEFONO, 
    EMAIL)
 Values
   (52, 'apellido27', 'nombre27', 'direccion27', 'telefono27', 
    'email27');
Insert into COMPRADOR
   (ID_COMPRADOR, APELLIDO, NOMBRE, DOMICILIO, TELEFONO, 
    EMAIL)
 Values
   (53, 'apellido28', 'nombre28', 'direccion28', 'telefono28', 
    'email28');
Insert into COMPRADOR
   (ID_COMPRADOR, APELLIDO, NOMBRE, DOMICILIO, TELEFONO, 
    EMAIL)
 Values
   (54, 'apellido29', 'nombre29', 'direccion29', 'telefono29', 
    'email29');
Insert into COMPRADOR
   (ID_COMPRADOR, APELLIDO, NOMBRE, DOMICILIO, TELEFONO, 
    EMAIL)
 Values
   (55, 'apellido30', 'nombre30', 'direccion30', 'telefono30', 
    'email30');
Insert into COMPRADOR
   (ID_COMPRADOR, APELLIDO, NOMBRE, DOMICILIO, TELEFONO, 
    EMAIL)
 Values
   (1, 'Sanchez', 'Roberto', 'Charcas 1205', '44445555', 
    'rsanchez@uba.com');
Insert into COMPRADOR
   (ID_COMPRADOR, APELLIDO, NOMBRE, DOMICILIO, TELEFONO, 
    EMAIL)
 Values
   (2, 'Perez', 'Jose', 'Caldas 1212', '55553333', 
    'jperez@uba.com');
Insert into COMPRADOR
   (ID_COMPRADOR, APELLIDO, NOMBRE, DOMICILIO, TELEFONO, 
    EMAIL)
 Values
   (3, 'Croto', 'Rodrigo', 'Mendoza', '33334454', 
    'rcroto@uba.com');
Insert into COMPRADOR
   (ID_COMPRADOR, APELLIDO, NOMBRE, DOMICILIO, TELEFONO, 
    EMAIL)
 Values
   (4, 'Gomez', 'Pablo', 'Caldas 1646', '45526204', 
    'pgomez@uba.com');
Insert into COMPRADOR
   (ID_COMPRADOR, APELLIDO, NOMBRE, DOMICILIO, TELEFONO, 
    EMAIL)
 Values
   (5, 'Melena', 'Andrew', 'Charcas 2222', '66600666', 
    'amelena@uba.com');
COMMIT;

SET DEFINE OFF;
Insert into CONTRATO
   (ID_CONTRATO, ID_INMUEBLE, FECHA_FIRMA, VIGENCIA_INICIO, VIGENCIA_FIN, 
    TIPO_CONTRATO)
 Values
   (7, 7, TO_DATE('01/01/2009 00:00:00', 'MM/DD/YYYY HH24:MI:SS'), TO_DATE('01/01/2009 00:00:00', 'MM/DD/YYYY HH24:MI:SS'), TO_DATE('01/01/2012 00:00:00', 'MM/DD/YYYY HH24:MI:SS'), 
    'Venta');
Insert into CONTRATO
   (ID_CONTRATO, ID_INMUEBLE, FECHA_FIRMA, VIGENCIA_INICIO, VIGENCIA_FIN, 
    TIPO_CONTRATO)
 Values
   (8, 8, TO_DATE('01/01/2009 00:00:00', 'MM/DD/YYYY HH24:MI:SS'), TO_DATE('01/01/2009 00:00:00', 'MM/DD/YYYY HH24:MI:SS'), TO_DATE('01/01/2012 00:00:00', 'MM/DD/YYYY HH24:MI:SS'), 
    'Venta');
Insert into CONTRATO
   (ID_CONTRATO, ID_INMUEBLE, FECHA_FIRMA, VIGENCIA_INICIO, VIGENCIA_FIN, 
    TIPO_CONTRATO)
 Values
   (9, 9, TO_DATE('01/01/2009 00:00:00', 'MM/DD/YYYY HH24:MI:SS'), TO_DATE('01/01/2009 00:00:00', 'MM/DD/YYYY HH24:MI:SS'), TO_DATE('01/01/2012 00:00:00', 'MM/DD/YYYY HH24:MI:SS'), 
    'Venta');
Insert into CONTRATO
   (ID_CONTRATO, ID_INMUEBLE, FECHA_FIRMA, VIGENCIA_INICIO, VIGENCIA_FIN, 
    TIPO_CONTRATO)
 Values
   (10, 10, TO_DATE('01/01/2009 00:00:00', 'MM/DD/YYYY HH24:MI:SS'), TO_DATE('01/01/2009 00:00:00', 'MM/DD/YYYY HH24:MI:SS'), TO_DATE('01/01/2012 00:00:00', 'MM/DD/YYYY HH24:MI:SS'), 
    'Venta');
Insert into CONTRATO
   (ID_CONTRATO, ID_INMUEBLE, FECHA_FIRMA, VIGENCIA_INICIO, VIGENCIA_FIN, 
    TIPO_CONTRATO)
 Values
   (11, 11, TO_DATE('01/01/2009 00:00:00', 'MM/DD/YYYY HH24:MI:SS'), TO_DATE('01/01/2009 00:00:00', 'MM/DD/YYYY HH24:MI:SS'), TO_DATE('01/01/2012 00:00:00', 'MM/DD/YYYY HH24:MI:SS'), 
    'Venta');
Insert into CONTRATO
   (ID_CONTRATO, ID_INMUEBLE, FECHA_FIRMA, VIGENCIA_INICIO, VIGENCIA_FIN, 
    TIPO_CONTRATO)
 Values
   (12, 12, TO_DATE('01/01/2009 00:00:00', 'MM/DD/YYYY HH24:MI:SS'), TO_DATE('01/01/2009 00:00:00', 'MM/DD/YYYY HH24:MI:SS'), TO_DATE('01/01/2012 00:00:00', 'MM/DD/YYYY HH24:MI:SS'), 
    'Venta');
Insert into CONTRATO
   (ID_CONTRATO, ID_INMUEBLE, FECHA_FIRMA, VIGENCIA_INICIO, VIGENCIA_FIN, 
    TIPO_CONTRATO)
 Values
   (13, 13, TO_DATE('01/01/2009 00:00:00', 'MM/DD/YYYY HH24:MI:SS'), TO_DATE('01/01/2009 00:00:00', 'MM/DD/YYYY HH24:MI:SS'), TO_DATE('01/01/2012 00:00:00', 'MM/DD/YYYY HH24:MI:SS'), 
    'Venta');
Insert into CONTRATO
   (ID_CONTRATO, ID_INMUEBLE, FECHA_FIRMA, VIGENCIA_INICIO, VIGENCIA_FIN, 
    TIPO_CONTRATO)
 Values
   (14, 14, TO_DATE('01/01/2009 00:00:00', 'MM/DD/YYYY HH24:MI:SS'), TO_DATE('01/01/2009 00:00:00', 'MM/DD/YYYY HH24:MI:SS'), TO_DATE('01/01/2012 00:00:00', 'MM/DD/YYYY HH24:MI:SS'), 
    'Venta');
Insert into CONTRATO
   (ID_CONTRATO, ID_INMUEBLE, FECHA_FIRMA, VIGENCIA_INICIO, VIGENCIA_FIN, 
    TIPO_CONTRATO)
 Values
   (15, 15, TO_DATE('01/01/2009 00:00:00', 'MM/DD/YYYY HH24:MI:SS'), TO_DATE('01/01/2009 00:00:00', 'MM/DD/YYYY HH24:MI:SS'), TO_DATE('01/01/2012 00:00:00', 'MM/DD/YYYY HH24:MI:SS'), 
    'Venta');
Insert into CONTRATO
   (ID_CONTRATO, ID_INMUEBLE, FECHA_FIRMA, VIGENCIA_INICIO, VIGENCIA_FIN, 
    TIPO_CONTRATO)
 Values
   (16, 16, TO_DATE('01/01/2009 00:00:00', 'MM/DD/YYYY HH24:MI:SS'), TO_DATE('01/01/2009 00:00:00', 'MM/DD/YYYY HH24:MI:SS'), TO_DATE('01/01/2012 00:00:00', 'MM/DD/YYYY HH24:MI:SS'), 
    'Venta');
Insert into CONTRATO
   (ID_CONTRATO, ID_INMUEBLE, FECHA_FIRMA, VIGENCIA_INICIO, VIGENCIA_FIN, 
    TIPO_CONTRATO)
 Values
   (17, 17, TO_DATE('01/01/2009 00:00:00', 'MM/DD/YYYY HH24:MI:SS'), TO_DATE('01/01/2009 00:00:00', 'MM/DD/YYYY HH24:MI:SS'), TO_DATE('01/01/2012 00:00:00', 'MM/DD/YYYY HH24:MI:SS'), 
    'Venta');
Insert into CONTRATO
   (ID_CONTRATO, ID_INMUEBLE, FECHA_FIRMA, VIGENCIA_INICIO, VIGENCIA_FIN, 
    TIPO_CONTRATO)
 Values
   (18, 18, TO_DATE('01/01/2009 00:00:00', 'MM/DD/YYYY HH24:MI:SS'), TO_DATE('01/01/2009 00:00:00', 'MM/DD/YYYY HH24:MI:SS'), TO_DATE('01/01/2012 00:00:00', 'MM/DD/YYYY HH24:MI:SS'), 
    'Venta');
Insert into CONTRATO
   (ID_CONTRATO, ID_INMUEBLE, FECHA_FIRMA, VIGENCIA_INICIO, VIGENCIA_FIN, 
    TIPO_CONTRATO)
 Values
   (19, 19, TO_DATE('01/01/2009 00:00:00', 'MM/DD/YYYY HH24:MI:SS'), TO_DATE('01/01/2009 00:00:00', 'MM/DD/YYYY HH24:MI:SS'), TO_DATE('01/01/2012 00:00:00', 'MM/DD/YYYY HH24:MI:SS'), 
    'Venta');
Insert into CONTRATO
   (ID_CONTRATO, ID_INMUEBLE, FECHA_FIRMA, VIGENCIA_INICIO, VIGENCIA_FIN, 
    TIPO_CONTRATO)
 Values
   (20, 20, TO_DATE('01/01/2009 00:00:00', 'MM/DD/YYYY HH24:MI:SS'), TO_DATE('01/01/2009 00:00:00', 'MM/DD/YYYY HH24:MI:SS'), TO_DATE('01/01/2012 00:00:00', 'MM/DD/YYYY HH24:MI:SS'), 
    'Venta');
Insert into CONTRATO
   (ID_CONTRATO, ID_INMUEBLE, FECHA_FIRMA, VIGENCIA_INICIO, VIGENCIA_FIN, 
    TIPO_CONTRATO)
 Values
   (1, 1, TO_DATE('12/31/2008 00:00:00', 'MM/DD/YYYY HH24:MI:SS'), TO_DATE('01/01/2009 00:00:00', 'MM/DD/YYYY HH24:MI:SS'), TO_DATE('01/01/2011 00:00:00', 'MM/DD/YYYY HH24:MI:SS'), 
    'Alquiler');
Insert into CONTRATO
   (ID_CONTRATO, ID_INMUEBLE, FECHA_FIRMA, VIGENCIA_INICIO, VIGENCIA_FIN, 
    TIPO_CONTRATO)
 Values
   (3, 3, TO_DATE('03/31/2009 00:00:00', 'MM/DD/YYYY HH24:MI:SS'), TO_DATE('04/01/2009 00:00:00', 'MM/DD/YYYY HH24:MI:SS'), TO_DATE('04/01/2010 00:00:00', 'MM/DD/YYYY HH24:MI:SS'), 
    'Alquiler');
Insert into CONTRATO
   (ID_CONTRATO, ID_INMUEBLE, FECHA_FIRMA, VIGENCIA_INICIO, VIGENCIA_FIN, 
    TIPO_CONTRATO)
 Values
   (5, 5, TO_DATE('12/31/2006 00:00:00', 'MM/DD/YYYY HH24:MI:SS'), TO_DATE('01/01/2007 00:00:00', 'MM/DD/YYYY HH24:MI:SS'), TO_DATE('01/01/2012 00:00:00', 'MM/DD/YYYY HH24:MI:SS'), 
    'Alquiler');
Insert into CONTRATO
   (ID_CONTRATO, ID_INMUEBLE, FECHA_FIRMA, VIGENCIA_INICIO, VIGENCIA_FIN, 
    TIPO_CONTRATO)
 Values
   (2, 2, TO_DATE('12/31/2007 00:00:00', 'MM/DD/YYYY HH24:MI:SS'), TO_DATE('01/01/2008 00:00:00', 'MM/DD/YYYY HH24:MI:SS'), TO_DATE('10/01/2010 00:00:00', 'MM/DD/YYYY HH24:MI:SS'), 
    'Venta');
Insert into CONTRATO
   (ID_CONTRATO, ID_INMUEBLE, FECHA_FIRMA, VIGENCIA_INICIO, VIGENCIA_FIN, 
    TIPO_CONTRATO)
 Values
   (4, 4, TO_DATE('12/31/2007 00:00:00', 'MM/DD/YYYY HH24:MI:SS'), TO_DATE('01/01/2008 00:00:00', 'MM/DD/YYYY HH24:MI:SS'), TO_DATE('10/01/2010 00:00:00', 'MM/DD/YYYY HH24:MI:SS'), 
    'Venta');
Insert into CONTRATO
   (ID_CONTRATO, ID_INMUEBLE, FECHA_FIRMA, VIGENCIA_INICIO, VIGENCIA_FIN, 
    TIPO_CONTRATO)
 Values
   (6, 6, TO_DATE('05/31/2009 00:00:00', 'MM/DD/YYYY HH24:MI:SS'), TO_DATE('06/01/2009 00:00:00', 'MM/DD/YYYY HH24:MI:SS'), TO_DATE('10/01/2010 00:00:00', 'MM/DD/YYYY HH24:MI:SS'), 
    'Venta');
COMMIT;

SET DEFINE OFF;
Insert into CONTRATO_ALQUILER
   (ID_CONTRATO, IMPORTE_ACORDADO)
 Values
   (1, 3000);
Insert into CONTRATO_ALQUILER
   (ID_CONTRATO, IMPORTE_ACORDADO)
 Values
   (3, 1500);
Insert into CONTRATO_ALQUILER
   (ID_CONTRATO, IMPORTE_ACORDADO)
 Values
   (5, 2300);
COMMIT;

SET DEFINE OFF;
Insert into CONTRATO_VENTA
   (ID_CONTRATO, COMISION_INMOBILIARIA, PRECIO_INICIAL_VENTA, PRECIO_MINIMO, CONDICIONES_VISITA)
 Values
   (7, 700, 70000, 60000, 'condicion 7');
Insert into CONTRATO_VENTA
   (ID_CONTRATO, COMISION_INMOBILIARIA, PRECIO_INICIAL_VENTA, PRECIO_MINIMO, CONDICIONES_VISITA)
 Values
   (8, 800, 80000, 70000, 'condicion 8');
Insert into CONTRATO_VENTA
   (ID_CONTRATO, COMISION_INMOBILIARIA, PRECIO_INICIAL_VENTA, PRECIO_MINIMO, CONDICIONES_VISITA)
 Values
   (9, 900, 90000, 80000, 'condicion 9');
Insert into CONTRATO_VENTA
   (ID_CONTRATO, COMISION_INMOBILIARIA, PRECIO_INICIAL_VENTA, PRECIO_MINIMO, CONDICIONES_VISITA)
 Values
   (10, 1000, 100000, 90000, 'condicion 10');
Insert into CONTRATO_VENTA
   (ID_CONTRATO, COMISION_INMOBILIARIA, PRECIO_INICIAL_VENTA, PRECIO_MINIMO, CONDICIONES_VISITA)
 Values
   (11, 1100, 110000, 100000, 'condicion 11');
Insert into CONTRATO_VENTA
   (ID_CONTRATO, COMISION_INMOBILIARIA, PRECIO_INICIAL_VENTA, PRECIO_MINIMO, CONDICIONES_VISITA)
 Values
   (12, 1200, 120000, 110000, 'condicion 12');
Insert into CONTRATO_VENTA
   (ID_CONTRATO, COMISION_INMOBILIARIA, PRECIO_INICIAL_VENTA, PRECIO_MINIMO, CONDICIONES_VISITA)
 Values
   (13, 1300, 130000, 120000, 'condicion 13');
Insert into CONTRATO_VENTA
   (ID_CONTRATO, COMISION_INMOBILIARIA, PRECIO_INICIAL_VENTA, PRECIO_MINIMO, CONDICIONES_VISITA)
 Values
   (14, 1400, 140000, 130000, 'condicion 14');
Insert into CONTRATO_VENTA
   (ID_CONTRATO, COMISION_INMOBILIARIA, PRECIO_INICIAL_VENTA, PRECIO_MINIMO, CONDICIONES_VISITA)
 Values
   (15, 1500, 150000, 140000, 'condicion 15');
Insert into CONTRATO_VENTA
   (ID_CONTRATO, COMISION_INMOBILIARIA, PRECIO_INICIAL_VENTA, PRECIO_MINIMO, CONDICIONES_VISITA)
 Values
   (16, 1600, 160000, 150000, 'condicion 16');
Insert into CONTRATO_VENTA
   (ID_CONTRATO, COMISION_INMOBILIARIA, PRECIO_INICIAL_VENTA, PRECIO_MINIMO, CONDICIONES_VISITA)
 Values
   (17, 1700, 170000, 160000, 'condicion 17');
Insert into CONTRATO_VENTA
   (ID_CONTRATO, COMISION_INMOBILIARIA, PRECIO_INICIAL_VENTA, PRECIO_MINIMO, CONDICIONES_VISITA)
 Values
   (18, 1800, 180000, 170000, 'condicion 18');
Insert into CONTRATO_VENTA
   (ID_CONTRATO, COMISION_INMOBILIARIA, PRECIO_INICIAL_VENTA, PRECIO_MINIMO, CONDICIONES_VISITA)
 Values
   (19, 1900, 190000, 180000, 'condicion 19');
Insert into CONTRATO_VENTA
   (ID_CONTRATO, COMISION_INMOBILIARIA, PRECIO_INICIAL_VENTA, PRECIO_MINIMO, CONDICIONES_VISITA)
 Values
   (20, 2000, 200000, 190000, 'condicion 20');
Insert into CONTRATO_VENTA
   (ID_CONTRATO, COMISION_INMOBILIARIA, PRECIO_INICIAL_VENTA, PRECIO_MINIMO, CONDICIONES_VISITA)
 Values
   (6, 10000, 500000, 450000, NULL);
Insert into CONTRATO_VENTA
   (ID_CONTRATO, COMISION_INMOBILIARIA, PRECIO_INICIAL_VENTA, PRECIO_MINIMO, CONDICIONES_VISITA)
 Values
   (4, 1000, 100000, 95000, 'gente sin bebes');
Insert into CONTRATO_VENTA
   (ID_CONTRATO, COMISION_INMOBILIARIA, PRECIO_INICIAL_VENTA, PRECIO_MINIMO, CONDICIONES_VISITA)
 Values
   (2, 5000, 200000, 170000, 'gente con ingreso superior a $8000');
COMMIT;

SET DEFINE OFF;
Insert into FOTO_INMUEBLE
   (ID_FOTO_INMUEBLE, ID_INMUEBLE, FOTO_REAL)
 Values
   (1, 1, NULL);
Insert into FOTO_INMUEBLE
   (ID_FOTO_INMUEBLE, ID_INMUEBLE, FOTO_REAL)
 Values
   (2, 1, NULL);
Insert into FOTO_INMUEBLE
   (ID_FOTO_INMUEBLE, ID_INMUEBLE, FOTO_REAL)
 Values
   (3, 1, NULL);
Insert into FOTO_INMUEBLE
   (ID_FOTO_INMUEBLE, ID_INMUEBLE, FOTO_REAL)
 Values
   (4, 2, NULL);
Insert into FOTO_INMUEBLE
   (ID_FOTO_INMUEBLE, ID_INMUEBLE, FOTO_REAL)
 Values
   (5, 2, NULL);
Insert into FOTO_INMUEBLE
   (ID_FOTO_INMUEBLE, ID_INMUEBLE, FOTO_REAL)
 Values
   (6, 2, NULL);
Insert into FOTO_INMUEBLE
   (ID_FOTO_INMUEBLE, ID_INMUEBLE, FOTO_REAL)
 Values
   (7, 3, NULL);
Insert into FOTO_INMUEBLE
   (ID_FOTO_INMUEBLE, ID_INMUEBLE, FOTO_REAL)
 Values
   (8, 3, NULL);
Insert into FOTO_INMUEBLE
   (ID_FOTO_INMUEBLE, ID_INMUEBLE, FOTO_REAL)
 Values
   (9, 3, NULL);
Insert into FOTO_INMUEBLE
   (ID_FOTO_INMUEBLE, ID_INMUEBLE, FOTO_REAL)
 Values
   (10, 4, NULL);
Insert into FOTO_INMUEBLE
   (ID_FOTO_INMUEBLE, ID_INMUEBLE, FOTO_REAL)
 Values
   (11, 4, NULL);
Insert into FOTO_INMUEBLE
   (ID_FOTO_INMUEBLE, ID_INMUEBLE, FOTO_REAL)
 Values
   (12, 4, NULL);
Insert into FOTO_INMUEBLE
   (ID_FOTO_INMUEBLE, ID_INMUEBLE, FOTO_REAL)
 Values
   (13, 5, NULL);
Insert into FOTO_INMUEBLE
   (ID_FOTO_INMUEBLE, ID_INMUEBLE, FOTO_REAL)
 Values
   (14, 5, NULL);
Insert into FOTO_INMUEBLE
   (ID_FOTO_INMUEBLE, ID_INMUEBLE, FOTO_REAL)
 Values
   (15, 5, NULL);
Insert into FOTO_INMUEBLE
   (ID_FOTO_INMUEBLE, ID_INMUEBLE, FOTO_REAL)
 Values
   (16, 6, NULL);
Insert into FOTO_INMUEBLE
   (ID_FOTO_INMUEBLE, ID_INMUEBLE, FOTO_REAL)
 Values
   (17, 6, NULL);
Insert into FOTO_INMUEBLE
   (ID_FOTO_INMUEBLE, ID_INMUEBLE, FOTO_REAL)
 Values
   (18, 6, NULL);
COMMIT;

SET DEFINE OFF;
Insert into GASTO_INMUEBLE
   (ID_GASTO_INMUEBLE, ID_INMUEBLE, VALOR, ID_TIPO_GASTO)
 Values
   (1, 1, 100, 1);
Insert into GASTO_INMUEBLE
   (ID_GASTO_INMUEBLE, ID_INMUEBLE, VALOR, ID_TIPO_GASTO)
 Values
   (2, 1, 160, 2);
Insert into GASTO_INMUEBLE
   (ID_GASTO_INMUEBLE, ID_INMUEBLE, VALOR, ID_TIPO_GASTO)
 Values
   (3, 1, 60, 3);
Insert into GASTO_INMUEBLE
   (ID_GASTO_INMUEBLE, ID_INMUEBLE, VALOR, ID_TIPO_GASTO)
 Values
   (4, 2, 120, 1);
Insert into GASTO_INMUEBLE
   (ID_GASTO_INMUEBLE, ID_INMUEBLE, VALOR, ID_TIPO_GASTO)
 Values
   (5, 2, 170, 2);
Insert into GASTO_INMUEBLE
   (ID_GASTO_INMUEBLE, ID_INMUEBLE, VALOR, ID_TIPO_GASTO)
 Values
   (6, 2, 64, 3);
Insert into GASTO_INMUEBLE
   (ID_GASTO_INMUEBLE, ID_INMUEBLE, VALOR, ID_TIPO_GASTO)
 Values
   (7, 3, 200, 1);
Insert into GASTO_INMUEBLE
   (ID_GASTO_INMUEBLE, ID_INMUEBLE, VALOR, ID_TIPO_GASTO)
 Values
   (8, 3, 260, 2);
Insert into GASTO_INMUEBLE
   (ID_GASTO_INMUEBLE, ID_INMUEBLE, VALOR, ID_TIPO_GASTO)
 Values
   (9, 3, 88, 3);
Insert into GASTO_INMUEBLE
   (ID_GASTO_INMUEBLE, ID_INMUEBLE, VALOR, ID_TIPO_GASTO)
 Values
   (10, 4, 140, 1);
Insert into GASTO_INMUEBLE
   (ID_GASTO_INMUEBLE, ID_INMUEBLE, VALOR, ID_TIPO_GASTO)
 Values
   (11, 4, 170, 2);
Insert into GASTO_INMUEBLE
   (ID_GASTO_INMUEBLE, ID_INMUEBLE, VALOR, ID_TIPO_GASTO)
 Values
   (12, 4, 190, 3);
Insert into GASTO_INMUEBLE
   (ID_GASTO_INMUEBLE, ID_INMUEBLE, VALOR, ID_TIPO_GASTO)
 Values
   (13, 5, 90, 1);
Insert into GASTO_INMUEBLE
   (ID_GASTO_INMUEBLE, ID_INMUEBLE, VALOR, ID_TIPO_GASTO)
 Values
   (14, 5, 190, 2);
Insert into GASTO_INMUEBLE
   (ID_GASTO_INMUEBLE, ID_INMUEBLE, VALOR, ID_TIPO_GASTO)
 Values
   (15, 5, 190, 3);
Insert into GASTO_INMUEBLE
   (ID_GASTO_INMUEBLE, ID_INMUEBLE, VALOR, ID_TIPO_GASTO)
 Values
   (16, 6, 260, 1);
Insert into GASTO_INMUEBLE
   (ID_GASTO_INMUEBLE, ID_INMUEBLE, VALOR, ID_TIPO_GASTO)
 Values
   (17, 6, 200, 2);
Insert into GASTO_INMUEBLE
   (ID_GASTO_INMUEBLE, ID_INMUEBLE, VALOR, ID_TIPO_GASTO)
 Values
   (18, 6, 260, 3);
Insert into GASTO_INMUEBLE
   (ID_GASTO_INMUEBLE, ID_INMUEBLE, VALOR, ID_TIPO_GASTO)
 Values
   (19, 1, 300, 4);
Insert into GASTO_INMUEBLE
   (ID_GASTO_INMUEBLE, ID_INMUEBLE, VALOR, ID_TIPO_GASTO)
 Values
   (20, 2, 400, 4);
Insert into GASTO_INMUEBLE
   (ID_GASTO_INMUEBLE, ID_INMUEBLE, VALOR, ID_TIPO_GASTO)
 Values
   (21, 3, 500, 4);
Insert into GASTO_INMUEBLE
   (ID_GASTO_INMUEBLE, ID_INMUEBLE, VALOR, ID_TIPO_GASTO)
 Values
   (22, 4, 600, 4);
COMMIT;

SET DEFINE OFF;
Insert into INMUEBLE
   (ID_INMUEBLE, ID_PROPIETARIO, DIRECCION, ESTADO, ANTIGUEDAD, 
    PLANO, METROS_CUADRADOS, ORIENTACION, CANTIDAD_AMBIENTES, FECHA_FINALIZACION, 
    ID_ZONA, ID_TIPO_INMUEBLE)
 Values
   (7, 2, 'dir. inmueble 7', 'estado 7', 7, 
    'plano 7', 7, 'ori.7', 1, NULL, 
    1, 1);
Insert into INMUEBLE
   (ID_INMUEBLE, ID_PROPIETARIO, DIRECCION, ESTADO, ANTIGUEDAD, 
    PLANO, METROS_CUADRADOS, ORIENTACION, CANTIDAD_AMBIENTES, FECHA_FINALIZACION, 
    ID_ZONA, ID_TIPO_INMUEBLE)
 Values
   (8, 2, 'dir. inmueble 8', 'estado 8', 8, 
    'plano 8', 8, 'ori.8', 1, NULL, 
    1, 1);
Insert into INMUEBLE
   (ID_INMUEBLE, ID_PROPIETARIO, DIRECCION, ESTADO, ANTIGUEDAD, 
    PLANO, METROS_CUADRADOS, ORIENTACION, CANTIDAD_AMBIENTES, FECHA_FINALIZACION, 
    ID_ZONA, ID_TIPO_INMUEBLE)
 Values
   (9, 2, 'dir. inmueble 9', 'estado 9', 9, 
    'plano 9', 9, 'ori.9', 1, NULL, 
    1, 1);
Insert into INMUEBLE
   (ID_INMUEBLE, ID_PROPIETARIO, DIRECCION, ESTADO, ANTIGUEDAD, 
    PLANO, METROS_CUADRADOS, ORIENTACION, CANTIDAD_AMBIENTES, FECHA_FINALIZACION, 
    ID_ZONA, ID_TIPO_INMUEBLE)
 Values
   (10, 2, 'dir. inmueble 10', 'estado 10', 10, 
    'plano 10', 10, 'ori10', 1, NULL, 
    1, 1);
Insert into INMUEBLE
   (ID_INMUEBLE, ID_PROPIETARIO, DIRECCION, ESTADO, ANTIGUEDAD, 
    PLANO, METROS_CUADRADOS, ORIENTACION, CANTIDAD_AMBIENTES, FECHA_FINALIZACION, 
    ID_ZONA, ID_TIPO_INMUEBLE)
 Values
   (11, 2, 'dir. inmueble 11', 'estado 11', 11, 
    'plano 11', 11, 'ori11', 1, NULL, 
    1, 1);
Insert into INMUEBLE
   (ID_INMUEBLE, ID_PROPIETARIO, DIRECCION, ESTADO, ANTIGUEDAD, 
    PLANO, METROS_CUADRADOS, ORIENTACION, CANTIDAD_AMBIENTES, FECHA_FINALIZACION, 
    ID_ZONA, ID_TIPO_INMUEBLE)
 Values
   (12, 2, 'dir. inmueble 12', 'estado 12', 12, 
    'plano 12', 12, 'ori12', 1, NULL, 
    1, 1);
Insert into INMUEBLE
   (ID_INMUEBLE, ID_PROPIETARIO, DIRECCION, ESTADO, ANTIGUEDAD, 
    PLANO, METROS_CUADRADOS, ORIENTACION, CANTIDAD_AMBIENTES, FECHA_FINALIZACION, 
    ID_ZONA, ID_TIPO_INMUEBLE)
 Values
   (13, 2, 'dir. inmueble 13', 'estado 13', 13, 
    'plano 13', 13, 'ori13', 1, NULL, 
    1, 1);
Insert into INMUEBLE
   (ID_INMUEBLE, ID_PROPIETARIO, DIRECCION, ESTADO, ANTIGUEDAD, 
    PLANO, METROS_CUADRADOS, ORIENTACION, CANTIDAD_AMBIENTES, FECHA_FINALIZACION, 
    ID_ZONA, ID_TIPO_INMUEBLE)
 Values
   (14, 2, 'dir. inmueble 14', 'estado 14', 14, 
    'plano 14', 14, 'ori14', 1, NULL, 
    1, 1);
Insert into INMUEBLE
   (ID_INMUEBLE, ID_PROPIETARIO, DIRECCION, ESTADO, ANTIGUEDAD, 
    PLANO, METROS_CUADRADOS, ORIENTACION, CANTIDAD_AMBIENTES, FECHA_FINALIZACION, 
    ID_ZONA, ID_TIPO_INMUEBLE)
 Values
   (15, 2, 'dir. inmueble 15', 'estado 15', 15, 
    'plano 15', 15, 'ori15', 1, NULL, 
    1, 1);
Insert into INMUEBLE
   (ID_INMUEBLE, ID_PROPIETARIO, DIRECCION, ESTADO, ANTIGUEDAD, 
    PLANO, METROS_CUADRADOS, ORIENTACION, CANTIDAD_AMBIENTES, FECHA_FINALIZACION, 
    ID_ZONA, ID_TIPO_INMUEBLE)
 Values
   (16, 2, 'dir. inmueble 16', 'estado 16', 16, 
    'plano 16', 16, 'ori16', 1, NULL, 
    1, 1);
Insert into INMUEBLE
   (ID_INMUEBLE, ID_PROPIETARIO, DIRECCION, ESTADO, ANTIGUEDAD, 
    PLANO, METROS_CUADRADOS, ORIENTACION, CANTIDAD_AMBIENTES, FECHA_FINALIZACION, 
    ID_ZONA, ID_TIPO_INMUEBLE)
 Values
   (17, 2, 'dir. inmueble 17', 'estado 17', 17, 
    'plano 17', 17, 'ori17', 1, NULL, 
    1, 1);
Insert into INMUEBLE
   (ID_INMUEBLE, ID_PROPIETARIO, DIRECCION, ESTADO, ANTIGUEDAD, 
    PLANO, METROS_CUADRADOS, ORIENTACION, CANTIDAD_AMBIENTES, FECHA_FINALIZACION, 
    ID_ZONA, ID_TIPO_INMUEBLE)
 Values
   (18, 2, 'dir. inmueble 18', 'estado 18', 18, 
    'plano 18', 18, 'ori18', 1, NULL, 
    1, 1);
Insert into INMUEBLE
   (ID_INMUEBLE, ID_PROPIETARIO, DIRECCION, ESTADO, ANTIGUEDAD, 
    PLANO, METROS_CUADRADOS, ORIENTACION, CANTIDAD_AMBIENTES, FECHA_FINALIZACION, 
    ID_ZONA, ID_TIPO_INMUEBLE)
 Values
   (19, 2, 'dir. inmueble 19', 'estado 19', 19, 
    'plano 19', 19, 'ori19', 1, NULL, 
    1, 1);
Insert into INMUEBLE
   (ID_INMUEBLE, ID_PROPIETARIO, DIRECCION, ESTADO, ANTIGUEDAD, 
    PLANO, METROS_CUADRADOS, ORIENTACION, CANTIDAD_AMBIENTES, FECHA_FINALIZACION, 
    ID_ZONA, ID_TIPO_INMUEBLE)
 Values
   (20, 2, 'dir. inmueble 20', 'estado 20', 20, 
    'plano 20', 20, 'ori20', 1, NULL, 
    1, 1);
Insert into INMUEBLE
   (ID_INMUEBLE, ID_PROPIETARIO, DIRECCION, ESTADO, ANTIGUEDAD, 
    PLANO, METROS_CUADRADOS, ORIENTACION, CANTIDAD_AMBIENTES, FECHA_FINALIZACION, 
    ID_ZONA, ID_TIPO_INMUEBLE)
 Values
   (1, 1, 'Av. Cordoba 5000 5a', 'muy bueno', 5, 
    '1345622_CAPFED', 100, 'SUR', 3, TO_DATE('01/01/2008 00:00:00', 'MM/DD/YYYY HH24:MI:SS'), 
    1, 1);
Insert into INMUEBLE
   (ID_INMUEBLE, ID_PROPIETARIO, DIRECCION, ESTADO, ANTIGUEDAD, 
    PLANO, METROS_CUADRADOS, ORIENTACION, CANTIDAD_AMBIENTES, FECHA_FINALIZACION, 
    ID_ZONA, ID_TIPO_INMUEBLE)
 Values
   (2, 2, 'Av. Cramer 100 2b', 'malo', 50, 
    '1345623_CAPFED', 33, 'NORTE', 2, TO_DATE('10/01/2005 00:00:00', 'MM/DD/YYYY HH24:MI:SS'), 
    2, 1);
Insert into INMUEBLE
   (ID_INMUEBLE, ID_PROPIETARIO, DIRECCION, ESTADO, ANTIGUEDAD, 
    PLANO, METROS_CUADRADOS, ORIENTACION, CANTIDAD_AMBIENTES, FECHA_FINALIZACION, 
    ID_ZONA, ID_TIPO_INMUEBLE)
 Values
   (3, 3, 'Av. Federico Lacroze 3200 6c', 'regular', 20, 
    '1345624_CAPFED', 60, 'OESTE', 3, TO_DATE('08/01/2006 00:00:00', 'MM/DD/YYYY HH24:MI:SS'), 
    3, 2);
Insert into INMUEBLE
   (ID_INMUEBLE, ID_PROPIETARIO, DIRECCION, ESTADO, ANTIGUEDAD, 
    PLANO, METROS_CUADRADOS, ORIENTACION, CANTIDAD_AMBIENTES, FECHA_FINALIZACION, 
    ID_ZONA, ID_TIPO_INMUEBLE)
 Values
   (4, 1, 'pje. la carcova 2a', 'excelente', 4, 
    '1345625_CAPFED', 50, 'ESTE', 1, TO_DATE('06/01/2005 00:00:00', 'MM/DD/YYYY HH24:MI:SS'), 
    3, 1);
Insert into INMUEBLE
   (ID_INMUEBLE, ID_PROPIETARIO, DIRECCION, ESTADO, ANTIGUEDAD, 
    PLANO, METROS_CUADRADOS, ORIENTACION, CANTIDAD_AMBIENTES, FECHA_FINALIZACION, 
    ID_ZONA, ID_TIPO_INMUEBLE)
 Values
   (5, 2, 'Bustamante 1202 9c', 'bueno', 2, 
    '1345626_CAPFED', 45, 'NORTE', 2, TO_DATE('01/20/2007 00:00:00', 'MM/DD/YYYY HH24:MI:SS'), 
    3, 4);
Insert into INMUEBLE
   (ID_INMUEBLE, ID_PROPIETARIO, DIRECCION, ESTADO, ANTIGUEDAD, 
    PLANO, METROS_CUADRADOS, ORIENTACION, CANTIDAD_AMBIENTES, FECHA_FINALIZACION, 
    ID_ZONA, ID_TIPO_INMUEBLE)
 Values
   (6, 3, 'Balcarce 30', 'regular', 30, 
    '1345627_CAPFED', 300, 'SUR', 9, TO_DATE('12/01/2000 00:00:00', 'MM/DD/YYYY HH24:MI:SS'), 
    2, 4);
COMMIT;

SET DEFINE OFF;
Insert into PROPIETARIO
   (ID_PROPIETARIO, DOMICILIO, TELEFONO, EMAIL, TIPO)
 Values
   (1, 'Blanco Encalada 2222', '33339999', 'prop1@uba.com', 'Particular');
Insert into PROPIETARIO
   (ID_PROPIETARIO, DOMICILIO, TELEFONO, EMAIL, TIPO)
 Values
   (2, 'Mendoza 3456', '4567890', 'prop2@uba.com', 'Particular');
Insert into PROPIETARIO
   (ID_PROPIETARIO, DOMICILIO, TELEFONO, EMAIL, TIPO)
 Values
   (3, 'Miller 88', '77778888', 'prop3@uba.com', 'Empresa');
Insert into PROPIETARIO
   (ID_PROPIETARIO, DOMICILIO, TELEFONO, EMAIL, TIPO)
 Values
   (4, 'Moldes 987', '88887777', 'prop4@uba.com', 'Empresa');
COMMIT;

SET DEFINE OFF;
Insert into PROPIETARIO_EMPRESA
   (ID_PROPIETARIO, CUIT, RAZON_SOCIAL, FECHA_COMIENZO_ACTIVIDADES)
 Values
   (3, '52765544562', 'Molinos', TO_DATE('02/03/2009 18:37:16', 'MM/DD/YYYY HH24:MI:SS'));
Insert into PROPIETARIO_EMPRESA
   (ID_PROPIETARIO, CUIT, RAZON_SOCIAL, FECHA_COMIENZO_ACTIVIDADES)
 Values
   (4, '34343215454321', 'Acme', TO_DATE('02/11/2009 18:37:52', 'MM/DD/YYYY HH24:MI:SS'));
COMMIT;

SET DEFINE OFF;
Insert into PROPIETARIO_PARTICULAR
   (ID_PROPIETARIO, APELLIDO, NOMBRE, DOCUMENTO)
 Values
   (1, 'Cammi', 'Diego', 28555444);
Insert into PROPIETARIO_PARTICULAR
   (ID_PROPIETARIO, APELLIDO, NOMBRE, DOCUMENTO)
 Values
   (2, 'Trecu', 'Roger', 43434343);
COMMIT;

SET DEFINE OFF;
Insert into SE_LO_MOSTRO
   (ID_COMPRADOR, ID_VENDEDOR, ID_CONTRATO, FECHA_DE_MUESTRA)
 Values
   (1, 3, 7, TO_DATE('05/03/2009 20:11:05', 'MM/DD/YYYY HH24:MI:SS'));
Insert into SE_LO_MOSTRO
   (ID_COMPRADOR, ID_VENDEDOR, ID_CONTRATO, FECHA_DE_MUESTRA)
 Values
   (1, 3, 8, TO_DATE('05/03/2009 20:11:27', 'MM/DD/YYYY HH24:MI:SS'));
Insert into SE_LO_MOSTRO
   (ID_COMPRADOR, ID_VENDEDOR, ID_CONTRATO, FECHA_DE_MUESTRA)
 Values
   (1, 3, 9, TO_DATE('05/03/2009 20:11:27', 'MM/DD/YYYY HH24:MI:SS'));
Insert into SE_LO_MOSTRO
   (ID_COMPRADOR, ID_VENDEDOR, ID_CONTRATO, FECHA_DE_MUESTRA)
 Values
   (2, 3, 7, TO_DATE('05/03/2009 20:11:27', 'MM/DD/YYYY HH24:MI:SS'));
Insert into SE_LO_MOSTRO
   (ID_COMPRADOR, ID_VENDEDOR, ID_CONTRATO, FECHA_DE_MUESTRA)
 Values
   (2, 3, 8, TO_DATE('05/03/2009 20:11:27', 'MM/DD/YYYY HH24:MI:SS'));
Insert into SE_LO_MOSTRO
   (ID_COMPRADOR, ID_VENDEDOR, ID_CONTRATO, FECHA_DE_MUESTRA)
 Values
   (2, 3, 9, TO_DATE('05/03/2009 20:11:27', 'MM/DD/YYYY HH24:MI:SS'));
Insert into SE_LO_MOSTRO
   (ID_COMPRADOR, ID_VENDEDOR, ID_CONTRATO, FECHA_DE_MUESTRA)
 Values
   (3, 3, 7, TO_DATE('05/03/2009 20:11:27', 'MM/DD/YYYY HH24:MI:SS'));
Insert into SE_LO_MOSTRO
   (ID_COMPRADOR, ID_VENDEDOR, ID_CONTRATO, FECHA_DE_MUESTRA)
 Values
   (3, 3, 8, TO_DATE('05/03/2009 20:11:27', 'MM/DD/YYYY HH24:MI:SS'));
Insert into SE_LO_MOSTRO
   (ID_COMPRADOR, ID_VENDEDOR, ID_CONTRATO, FECHA_DE_MUESTRA)
 Values
   (3, 3, 9, TO_DATE('05/03/2009 20:11:27', 'MM/DD/YYYY HH24:MI:SS'));
Insert into SE_LO_MOSTRO
   (ID_COMPRADOR, ID_VENDEDOR, ID_CONTRATO, FECHA_DE_MUESTRA)
 Values
   (2, 4, 9, TO_DATE('05/03/2009 20:11:35', 'MM/DD/YYYY HH24:MI:SS'));
Insert into SE_LO_MOSTRO
   (ID_COMPRADOR, ID_VENDEDOR, ID_CONTRATO, FECHA_DE_MUESTRA)
 Values
   (2, 4, 10, TO_DATE('05/03/2009 20:11:35', 'MM/DD/YYYY HH24:MI:SS'));
Insert into SE_LO_MOSTRO
   (ID_COMPRADOR, ID_VENDEDOR, ID_CONTRATO, FECHA_DE_MUESTRA)
 Values
   (2, 4, 11, TO_DATE('05/03/2009 20:11:35', 'MM/DD/YYYY HH24:MI:SS'));
Insert into SE_LO_MOSTRO
   (ID_COMPRADOR, ID_VENDEDOR, ID_CONTRATO, FECHA_DE_MUESTRA)
 Values
   (3, 4, 9, TO_DATE('05/03/2009 20:11:35', 'MM/DD/YYYY HH24:MI:SS'));
Insert into SE_LO_MOSTRO
   (ID_COMPRADOR, ID_VENDEDOR, ID_CONTRATO, FECHA_DE_MUESTRA)
 Values
   (3, 4, 10, TO_DATE('05/03/2009 20:11:35', 'MM/DD/YYYY HH24:MI:SS'));
Insert into SE_LO_MOSTRO
   (ID_COMPRADOR, ID_VENDEDOR, ID_CONTRATO, FECHA_DE_MUESTRA)
 Values
   (3, 4, 11, TO_DATE('05/03/2009 20:11:35', 'MM/DD/YYYY HH24:MI:SS'));
Insert into SE_LO_MOSTRO
   (ID_COMPRADOR, ID_VENDEDOR, ID_CONTRATO, FECHA_DE_MUESTRA)
 Values
   (4, 4, 9, TO_DATE('05/03/2009 20:11:35', 'MM/DD/YYYY HH24:MI:SS'));
Insert into SE_LO_MOSTRO
   (ID_COMPRADOR, ID_VENDEDOR, ID_CONTRATO, FECHA_DE_MUESTRA)
 Values
   (4, 4, 10, TO_DATE('05/03/2009 20:11:35', 'MM/DD/YYYY HH24:MI:SS'));
Insert into SE_LO_MOSTRO
   (ID_COMPRADOR, ID_VENDEDOR, ID_CONTRATO, FECHA_DE_MUESTRA)
 Values
   (4, 4, 11, TO_DATE('05/03/2009 20:11:35', 'MM/DD/YYYY HH24:MI:SS'));
Insert into SE_LO_MOSTRO
   (ID_COMPRADOR, ID_VENDEDOR, ID_CONTRATO, FECHA_DE_MUESTRA)
 Values
   (5, 5, 7, TO_DATE('05/03/2009 20:11:35', 'MM/DD/YYYY HH24:MI:SS'));
Insert into SE_LO_MOSTRO
   (ID_COMPRADOR, ID_VENDEDOR, ID_CONTRATO, FECHA_DE_MUESTRA)
 Values
   (5, 5, 10, TO_DATE('05/03/2009 20:11:35', 'MM/DD/YYYY HH24:MI:SS'));
Insert into SE_LO_MOSTRO
   (ID_COMPRADOR, ID_VENDEDOR, ID_CONTRATO, FECHA_DE_MUESTRA)
 Values
   (5, 5, 11, TO_DATE('05/03/2009 20:11:35', 'MM/DD/YYYY HH24:MI:SS'));
Insert into SE_LO_MOSTRO
   (ID_COMPRADOR, ID_VENDEDOR, ID_CONTRATO, FECHA_DE_MUESTRA)
 Values
   (31, 5, 7, TO_DATE('05/03/2009 20:11:35', 'MM/DD/YYYY HH24:MI:SS'));
Insert into SE_LO_MOSTRO
   (ID_COMPRADOR, ID_VENDEDOR, ID_CONTRATO, FECHA_DE_MUESTRA)
 Values
   (31, 5, 10, TO_DATE('05/03/2009 20:11:35', 'MM/DD/YYYY HH24:MI:SS'));
Insert into SE_LO_MOSTRO
   (ID_COMPRADOR, ID_VENDEDOR, ID_CONTRATO, FECHA_DE_MUESTRA)
 Values
   (31, 5, 11, TO_DATE('05/03/2009 20:11:35', 'MM/DD/YYYY HH24:MI:SS'));
Insert into SE_LO_MOSTRO
   (ID_COMPRADOR, ID_VENDEDOR, ID_CONTRATO, FECHA_DE_MUESTRA)
 Values
   (32, 5, 7, TO_DATE('05/03/2009 20:11:35', 'MM/DD/YYYY HH24:MI:SS'));
Insert into SE_LO_MOSTRO
   (ID_COMPRADOR, ID_VENDEDOR, ID_CONTRATO, FECHA_DE_MUESTRA)
 Values
   (32, 5, 10, TO_DATE('05/03/2009 20:11:35', 'MM/DD/YYYY HH24:MI:SS'));
Insert into SE_LO_MOSTRO
   (ID_COMPRADOR, ID_VENDEDOR, ID_CONTRATO, FECHA_DE_MUESTRA)
 Values
   (32, 5, 11, TO_DATE('05/03/2009 20:11:35', 'MM/DD/YYYY HH24:MI:SS'));
Insert into SE_LO_MOSTRO
   (ID_COMPRADOR, ID_VENDEDOR, ID_CONTRATO, FECHA_DE_MUESTRA)
 Values
   (33, 56, 13, TO_DATE('05/03/2009 20:11:41', 'MM/DD/YYYY HH24:MI:SS'));
Insert into SE_LO_MOSTRO
   (ID_COMPRADOR, ID_VENDEDOR, ID_CONTRATO, FECHA_DE_MUESTRA)
 Values
   (33, 56, 14, TO_DATE('05/03/2009 20:11:41', 'MM/DD/YYYY HH24:MI:SS'));
Insert into SE_LO_MOSTRO
   (ID_COMPRADOR, ID_VENDEDOR, ID_CONTRATO, FECHA_DE_MUESTRA)
 Values
   (33, 56, 15, TO_DATE('05/03/2009 20:11:41', 'MM/DD/YYYY HH24:MI:SS'));
Insert into SE_LO_MOSTRO
   (ID_COMPRADOR, ID_VENDEDOR, ID_CONTRATO, FECHA_DE_MUESTRA)
 Values
   (34, 56, 13, TO_DATE('05/03/2009 20:11:41', 'MM/DD/YYYY HH24:MI:SS'));
Insert into SE_LO_MOSTRO
   (ID_COMPRADOR, ID_VENDEDOR, ID_CONTRATO, FECHA_DE_MUESTRA)
 Values
   (34, 56, 14, TO_DATE('05/03/2009 20:11:41', 'MM/DD/YYYY HH24:MI:SS'));
Insert into SE_LO_MOSTRO
   (ID_COMPRADOR, ID_VENDEDOR, ID_CONTRATO, FECHA_DE_MUESTRA)
 Values
   (34, 56, 15, TO_DATE('05/03/2009 20:11:41', 'MM/DD/YYYY HH24:MI:SS'));
Insert into SE_LO_MOSTRO
   (ID_COMPRADOR, ID_VENDEDOR, ID_CONTRATO, FECHA_DE_MUESTRA)
 Values
   (35, 56, 13, TO_DATE('05/03/2009 20:11:41', 'MM/DD/YYYY HH24:MI:SS'));
Insert into SE_LO_MOSTRO
   (ID_COMPRADOR, ID_VENDEDOR, ID_CONTRATO, FECHA_DE_MUESTRA)
 Values
   (35, 56, 14, TO_DATE('05/03/2009 20:11:41', 'MM/DD/YYYY HH24:MI:SS'));
Insert into SE_LO_MOSTRO
   (ID_COMPRADOR, ID_VENDEDOR, ID_CONTRATO, FECHA_DE_MUESTRA)
 Values
   (35, 56, 15, TO_DATE('05/03/2009 20:11:41', 'MM/DD/YYYY HH24:MI:SS'));
Insert into SE_LO_MOSTRO
   (ID_COMPRADOR, ID_VENDEDOR, ID_CONTRATO, FECHA_DE_MUESTRA)
 Values
   (36, 57, 12, TO_DATE('05/03/2009 20:11:41', 'MM/DD/YYYY HH24:MI:SS'));
Insert into SE_LO_MOSTRO
   (ID_COMPRADOR, ID_VENDEDOR, ID_CONTRATO, FECHA_DE_MUESTRA)
 Values
   (36, 57, 13, TO_DATE('05/03/2009 20:11:41', 'MM/DD/YYYY HH24:MI:SS'));
Insert into SE_LO_MOSTRO
   (ID_COMPRADOR, ID_VENDEDOR, ID_CONTRATO, FECHA_DE_MUESTRA)
 Values
   (36, 57, 14, TO_DATE('05/03/2009 20:11:41', 'MM/DD/YYYY HH24:MI:SS'));
Insert into SE_LO_MOSTRO
   (ID_COMPRADOR, ID_VENDEDOR, ID_CONTRATO, FECHA_DE_MUESTRA)
 Values
   (37, 57, 12, TO_DATE('05/03/2009 20:11:41', 'MM/DD/YYYY HH24:MI:SS'));
Insert into SE_LO_MOSTRO
   (ID_COMPRADOR, ID_VENDEDOR, ID_CONTRATO, FECHA_DE_MUESTRA)
 Values
   (37, 57, 13, TO_DATE('05/03/2009 20:11:41', 'MM/DD/YYYY HH24:MI:SS'));
Insert into SE_LO_MOSTRO
   (ID_COMPRADOR, ID_VENDEDOR, ID_CONTRATO, FECHA_DE_MUESTRA)
 Values
   (37, 57, 14, TO_DATE('05/03/2009 20:11:41', 'MM/DD/YYYY HH24:MI:SS'));
Insert into SE_LO_MOSTRO
   (ID_COMPRADOR, ID_VENDEDOR, ID_CONTRATO, FECHA_DE_MUESTRA)
 Values
   (40, 58, 14, TO_DATE('05/03/2009 20:11:49', 'MM/DD/YYYY HH24:MI:SS'));
Insert into SE_LO_MOSTRO
   (ID_COMPRADOR, ID_VENDEDOR, ID_CONTRATO, FECHA_DE_MUESTRA)
 Values
   (40, 58, 15, TO_DATE('05/03/2009 20:11:49', 'MM/DD/YYYY HH24:MI:SS'));
Insert into SE_LO_MOSTRO
   (ID_COMPRADOR, ID_VENDEDOR, ID_CONTRATO, FECHA_DE_MUESTRA)
 Values
   (41, 58, 14, TO_DATE('05/03/2009 20:11:49', 'MM/DD/YYYY HH24:MI:SS'));
Insert into SE_LO_MOSTRO
   (ID_COMPRADOR, ID_VENDEDOR, ID_CONTRATO, FECHA_DE_MUESTRA)
 Values
   (41, 58, 15, TO_DATE('05/03/2009 20:11:49', 'MM/DD/YYYY HH24:MI:SS'));
Insert into SE_LO_MOSTRO
   (ID_COMPRADOR, ID_VENDEDOR, ID_CONTRATO, FECHA_DE_MUESTRA)
 Values
   (42, 58, 14, TO_DATE('05/03/2009 20:11:49', 'MM/DD/YYYY HH24:MI:SS'));
Insert into SE_LO_MOSTRO
   (ID_COMPRADOR, ID_VENDEDOR, ID_CONTRATO, FECHA_DE_MUESTRA)
 Values
   (42, 58, 15, TO_DATE('05/03/2009 20:11:49', 'MM/DD/YYYY HH24:MI:SS'));
Insert into SE_LO_MOSTRO
   (ID_COMPRADOR, ID_VENDEDOR, ID_CONTRATO, FECHA_DE_MUESTRA)
 Values
   (45, 59, 16, TO_DATE('05/03/2009 20:11:49', 'MM/DD/YYYY HH24:MI:SS'));
Insert into SE_LO_MOSTRO
   (ID_COMPRADOR, ID_VENDEDOR, ID_CONTRATO, FECHA_DE_MUESTRA)
 Values
   (45, 59, 17, TO_DATE('05/03/2009 20:11:49', 'MM/DD/YYYY HH24:MI:SS'));
Insert into SE_LO_MOSTRO
   (ID_COMPRADOR, ID_VENDEDOR, ID_CONTRATO, FECHA_DE_MUESTRA)
 Values
   (45, 59, 18, TO_DATE('05/03/2009 20:11:49', 'MM/DD/YYYY HH24:MI:SS'));
Insert into SE_LO_MOSTRO
   (ID_COMPRADOR, ID_VENDEDOR, ID_CONTRATO, FECHA_DE_MUESTRA)
 Values
   (46, 59, 16, TO_DATE('05/03/2009 20:11:49', 'MM/DD/YYYY HH24:MI:SS'));
Insert into SE_LO_MOSTRO
   (ID_COMPRADOR, ID_VENDEDOR, ID_CONTRATO, FECHA_DE_MUESTRA)
 Values
   (46, 59, 17, TO_DATE('05/03/2009 20:11:49', 'MM/DD/YYYY HH24:MI:SS'));
Insert into SE_LO_MOSTRO
   (ID_COMPRADOR, ID_VENDEDOR, ID_CONTRATO, FECHA_DE_MUESTRA)
 Values
   (46, 59, 18, TO_DATE('05/03/2009 20:11:49', 'MM/DD/YYYY HH24:MI:SS'));
Insert into SE_LO_MOSTRO
   (ID_COMPRADOR, ID_VENDEDOR, ID_CONTRATO, FECHA_DE_MUESTRA)
 Values
   (47, 59, 16, TO_DATE('05/03/2009 20:11:49', 'MM/DD/YYYY HH24:MI:SS'));
Insert into SE_LO_MOSTRO
   (ID_COMPRADOR, ID_VENDEDOR, ID_CONTRATO, FECHA_DE_MUESTRA)
 Values
   (47, 59, 17, TO_DATE('05/03/2009 20:11:49', 'MM/DD/YYYY HH24:MI:SS'));
Insert into SE_LO_MOSTRO
   (ID_COMPRADOR, ID_VENDEDOR, ID_CONTRATO, FECHA_DE_MUESTRA)
 Values
   (47, 59, 18, TO_DATE('05/03/2009 20:11:49', 'MM/DD/YYYY HH24:MI:SS'));
Insert into SE_LO_MOSTRO
   (ID_COMPRADOR, ID_VENDEDOR, ID_CONTRATO, FECHA_DE_MUESTRA)
 Values
   (50, 60, 17, TO_DATE('05/03/2009 20:11:57', 'MM/DD/YYYY HH24:MI:SS'));
Insert into SE_LO_MOSTRO
   (ID_COMPRADOR, ID_VENDEDOR, ID_CONTRATO, FECHA_DE_MUESTRA)
 Values
   (50, 60, 18, TO_DATE('05/03/2009 20:11:57', 'MM/DD/YYYY HH24:MI:SS'));
Insert into SE_LO_MOSTRO
   (ID_COMPRADOR, ID_VENDEDOR, ID_CONTRATO, FECHA_DE_MUESTRA)
 Values
   (50, 60, 19, TO_DATE('05/03/2009 20:11:57', 'MM/DD/YYYY HH24:MI:SS'));
Insert into SE_LO_MOSTRO
   (ID_COMPRADOR, ID_VENDEDOR, ID_CONTRATO, FECHA_DE_MUESTRA)
 Values
   (50, 60, 20, TO_DATE('05/03/2009 20:11:57', 'MM/DD/YYYY HH24:MI:SS'));
Insert into SE_LO_MOSTRO
   (ID_COMPRADOR, ID_VENDEDOR, ID_CONTRATO, FECHA_DE_MUESTRA)
 Values
   (52, 60, 17, TO_DATE('05/03/2009 20:11:57', 'MM/DD/YYYY HH24:MI:SS'));
Insert into SE_LO_MOSTRO
   (ID_COMPRADOR, ID_VENDEDOR, ID_CONTRATO, FECHA_DE_MUESTRA)
 Values
   (52, 60, 18, TO_DATE('05/03/2009 20:11:57', 'MM/DD/YYYY HH24:MI:SS'));
Insert into SE_LO_MOSTRO
   (ID_COMPRADOR, ID_VENDEDOR, ID_CONTRATO, FECHA_DE_MUESTRA)
 Values
   (52, 60, 19, TO_DATE('05/03/2009 20:11:57', 'MM/DD/YYYY HH24:MI:SS'));
Insert into SE_LO_MOSTRO
   (ID_COMPRADOR, ID_VENDEDOR, ID_CONTRATO, FECHA_DE_MUESTRA)
 Values
   (52, 60, 20, TO_DATE('05/03/2009 20:11:57', 'MM/DD/YYYY HH24:MI:SS'));
Insert into SE_LO_MOSTRO
   (ID_COMPRADOR, ID_VENDEDOR, ID_CONTRATO, FECHA_DE_MUESTRA)
 Values
   (2, 2, 2, TO_DATE('05/05/2009 18:48:49', 'MM/DD/YYYY HH24:MI:SS'));
Insert into SE_LO_MOSTRO
   (ID_COMPRADOR, ID_VENDEDOR, ID_CONTRATO, FECHA_DE_MUESTRA)
 Values
   (1, 2, 7, TO_DATE('05/05/2009 18:48:49', 'MM/DD/YYYY HH24:MI:SS'));
Insert into SE_LO_MOSTRO
   (ID_COMPRADOR, ID_VENDEDOR, ID_CONTRATO, FECHA_DE_MUESTRA)
 Values
   (1, 2, 8, TO_DATE('05/05/2009 18:49:05', 'MM/DD/YYYY HH24:MI:SS'));
Insert into SE_LO_MOSTRO
   (ID_COMPRADOR, ID_VENDEDOR, ID_CONTRATO, FECHA_DE_MUESTRA)
 Values
   (1, 2, 9, TO_DATE('05/05/2009 18:49:48', 'MM/DD/YYYY HH24:MI:SS'));
Insert into SE_LO_MOSTRO
   (ID_COMPRADOR, ID_VENDEDOR, ID_CONTRATO, FECHA_DE_MUESTRA)
 Values
   (50, 2, 13, TO_DATE('05/05/2009 18:49:59', 'MM/DD/YYYY HH24:MI:SS'));
Insert into SE_LO_MOSTRO
   (ID_COMPRADOR, ID_VENDEDOR, ID_CONTRATO, FECHA_DE_MUESTRA)
 Values
   (33, 2, 14, TO_DATE('05/05/2009 18:50:13', 'MM/DD/YYYY HH24:MI:SS'));
Insert into SE_LO_MOSTRO
   (ID_COMPRADOR, ID_VENDEDOR, ID_CONTRATO, FECHA_DE_MUESTRA)
 Values
   (2, 1, 2, TO_DATE('05/05/2009 18:48:49', 'MM/DD/YYYY HH24:MI:SS'));
Insert into SE_LO_MOSTRO
   (ID_COMPRADOR, ID_VENDEDOR, ID_CONTRATO, FECHA_DE_MUESTRA)
 Values
   (1, 1, 7, TO_DATE('05/05/2009 18:48:49', 'MM/DD/YYYY HH24:MI:SS'));
Insert into SE_LO_MOSTRO
   (ID_COMPRADOR, ID_VENDEDOR, ID_CONTRATO, FECHA_DE_MUESTRA)
 Values
   (1, 1, 8, TO_DATE('05/05/2009 18:48:49', 'MM/DD/YYYY HH24:MI:SS'));
Insert into SE_LO_MOSTRO
   (ID_COMPRADOR, ID_VENDEDOR, ID_CONTRATO, FECHA_DE_MUESTRA)
 Values
   (1, 1, 9, TO_DATE('05/05/2009 18:48:49', 'MM/DD/YYYY HH24:MI:SS'));
Insert into SE_LO_MOSTRO
   (ID_COMPRADOR, ID_VENDEDOR, ID_CONTRATO, FECHA_DE_MUESTRA)
 Values
   (50, 1, 13, TO_DATE('05/05/2009 18:48:49', 'MM/DD/YYYY HH24:MI:SS'));
Insert into SE_LO_MOSTRO
   (ID_COMPRADOR, ID_VENDEDOR, ID_CONTRATO, FECHA_DE_MUESTRA)
 Values
   (33, 1, 14, TO_DATE('05/05/2009 18:48:49', 'MM/DD/YYYY HH24:MI:SS'));
Insert into SE_LO_MOSTRO
   (ID_COMPRADOR, ID_VENDEDOR, ID_CONTRATO, FECHA_DE_MUESTRA)
 Values
   (2, 2, 4, TO_DATE('05/03/2009 17:06:53', 'MM/DD/YYYY HH24:MI:SS'));
COMMIT;

SET DEFINE OFF;
Insert into TEXTO
   (ID_TEXTO, DESCRIPCION)
 Values
   (1, 'ley 23345 no robaras la comision de los demas');
Insert into TEXTO
   (ID_TEXTO, DESCRIPCION)
 Values
   (2, 'ley 23346 ajustaras tus comisiones a la crisis mundial');
Insert into TEXTO
   (ID_TEXTO, DESCRIPCION)
 Values
   (3, 'ley 23347 un 10% de ganancias va al politico de turno');
Insert into TEXTO
   (ID_TEXTO, DESCRIPCION)
 Values
   (4, 'ley 23348 el vendedor de la propiedad debe ser radicado en Argentina');
Insert into TEXTO
   (ID_TEXTO, DESCRIPCION)
 Values
   (5, 'ley 23349 la cantidad de dias para la venta, no debe superar los 1000');
COMMIT;

SET DEFINE OFF;
Insert into TIENE_ASIGNADO
   (ID_VENDEDOR, ID_CONTRATO, ID_COMPRADOR, FECHA_COMPRA, COMISION_VENDEDOR, 
    IMPORTE_DE_VENTA)
 Values
   (3, 7, 1, TO_DATE('01/03/2009 20:17:09', 'MM/DD/YYYY HH24:MI:SS'), 500, 
    500000);
Insert into TIENE_ASIGNADO
   (ID_VENDEDOR, ID_CONTRATO, ID_COMPRADOR, FECHA_COMPRA, COMISION_VENDEDOR, 
    IMPORTE_DE_VENTA)
 Values
   (3, 8, 1, TO_DATE('01/03/2009 20:17:09', 'MM/DD/YYYY HH24:MI:SS'), 250, 
    500000);
Insert into TIENE_ASIGNADO
   (ID_VENDEDOR, ID_CONTRATO, ID_COMPRADOR, FECHA_COMPRA, COMISION_VENDEDOR, 
    IMPORTE_DE_VENTA)
 Values
   (3, 9, 1, TO_DATE('01/03/2009 20:17:09', 'MM/DD/YYYY HH24:MI:SS'), 500, 
    500000);
Insert into TIENE_ASIGNADO
   (ID_VENDEDOR, ID_CONTRATO, ID_COMPRADOR, FECHA_COMPRA, COMISION_VENDEDOR, 
    IMPORTE_DE_VENTA)
 Values
   (3, 10, NULL, NULL, NULL, 
    NULL);
Insert into TIENE_ASIGNADO
   (ID_VENDEDOR, ID_CONTRATO, ID_COMPRADOR, FECHA_COMPRA, COMISION_VENDEDOR, 
    IMPORTE_DE_VENTA)
 Values
   (3, 11, NULL, NULL, NULL, 
    NULL);
Insert into TIENE_ASIGNADO
   (ID_VENDEDOR, ID_CONTRATO, ID_COMPRADOR, FECHA_COMPRA, COMISION_VENDEDOR, 
    IMPORTE_DE_VENTA)
 Values
   (2, 4, NULL, NULL, NULL, 
    NULL);
Insert into TIENE_ASIGNADO
   (ID_VENDEDOR, ID_CONTRATO, ID_COMPRADOR, FECHA_COMPRA, COMISION_VENDEDOR, 
    IMPORTE_DE_VENTA)
 Values
   (2, 7, NULL, NULL, NULL, 
    NULL);
Insert into TIENE_ASIGNADO
   (ID_VENDEDOR, ID_CONTRATO, ID_COMPRADOR, FECHA_COMPRA, COMISION_VENDEDOR, 
    IMPORTE_DE_VENTA)
 Values
   (2, 8, NULL, NULL, NULL, 
    NULL);
Insert into TIENE_ASIGNADO
   (ID_VENDEDOR, ID_CONTRATO, ID_COMPRADOR, FECHA_COMPRA, COMISION_VENDEDOR, 
    IMPORTE_DE_VENTA)
 Values
   (2, 9, NULL, NULL, NULL, 
    NULL);
Insert into TIENE_ASIGNADO
   (ID_VENDEDOR, ID_CONTRATO, ID_COMPRADOR, FECHA_COMPRA, COMISION_VENDEDOR, 
    IMPORTE_DE_VENTA)
 Values
   (2, 13, NULL, NULL, NULL, 
    NULL);
Insert into TIENE_ASIGNADO
   (ID_VENDEDOR, ID_CONTRATO, ID_COMPRADOR, FECHA_COMPRA, COMISION_VENDEDOR, 
    IMPORTE_DE_VENTA)
 Values
   (2, 14, NULL, NULL, NULL, 
    NULL);
Insert into TIENE_ASIGNADO
   (ID_VENDEDOR, ID_CONTRATO, ID_COMPRADOR, FECHA_COMPRA, COMISION_VENDEDOR, 
    IMPORTE_DE_VENTA)
 Values
   (1, 2, NULL, NULL, NULL, 
    NULL);
Insert into TIENE_ASIGNADO
   (ID_VENDEDOR, ID_CONTRATO, ID_COMPRADOR, FECHA_COMPRA, COMISION_VENDEDOR, 
    IMPORTE_DE_VENTA)
 Values
   (1, 7, NULL, NULL, NULL, 
    NULL);
Insert into TIENE_ASIGNADO
   (ID_VENDEDOR, ID_CONTRATO, ID_COMPRADOR, FECHA_COMPRA, COMISION_VENDEDOR, 
    IMPORTE_DE_VENTA)
 Values
   (1, 8, NULL, NULL, NULL, 
    NULL);
Insert into TIENE_ASIGNADO
   (ID_VENDEDOR, ID_CONTRATO, ID_COMPRADOR, FECHA_COMPRA, COMISION_VENDEDOR, 
    IMPORTE_DE_VENTA)
 Values
   (1, 9, NULL, NULL, NULL, 
    NULL);
Insert into TIENE_ASIGNADO
   (ID_VENDEDOR, ID_CONTRATO, ID_COMPRADOR, FECHA_COMPRA, COMISION_VENDEDOR, 
    IMPORTE_DE_VENTA)
 Values
   (1, 13, NULL, NULL, NULL, 
    NULL);
Insert into TIENE_ASIGNADO
   (ID_VENDEDOR, ID_CONTRATO, ID_COMPRADOR, FECHA_COMPRA, COMISION_VENDEDOR, 
    IMPORTE_DE_VENTA)
 Values
   (1, 14, NULL, NULL, NULL, 
    NULL);
Insert into TIENE_ASIGNADO
   (ID_VENDEDOR, ID_CONTRATO, ID_COMPRADOR, FECHA_COMPRA, COMISION_VENDEDOR, 
    IMPORTE_DE_VENTA)
 Values
   (4, 7, NULL, NULL, NULL, 
    NULL);
Insert into TIENE_ASIGNADO
   (ID_VENDEDOR, ID_CONTRATO, ID_COMPRADOR, FECHA_COMPRA, COMISION_VENDEDOR, 
    IMPORTE_DE_VENTA)
 Values
   (4, 8, NULL, NULL, NULL, 
    NULL);
Insert into TIENE_ASIGNADO
   (ID_VENDEDOR, ID_CONTRATO, ID_COMPRADOR, FECHA_COMPRA, COMISION_VENDEDOR, 
    IMPORTE_DE_VENTA)
 Values
   (4, 9, NULL, NULL, NULL, 
    NULL);
Insert into TIENE_ASIGNADO
   (ID_VENDEDOR, ID_CONTRATO, ID_COMPRADOR, FECHA_COMPRA, COMISION_VENDEDOR, 
    IMPORTE_DE_VENTA)
 Values
   (5, 7, NULL, NULL, NULL, 
    NULL);
Insert into TIENE_ASIGNADO
   (ID_VENDEDOR, ID_CONTRATO, ID_COMPRADOR, FECHA_COMPRA, COMISION_VENDEDOR, 
    IMPORTE_DE_VENTA)
 Values
   (5, 8, NULL, NULL, NULL, 
    NULL);
Insert into TIENE_ASIGNADO
   (ID_VENDEDOR, ID_CONTRATO, ID_COMPRADOR, FECHA_COMPRA, COMISION_VENDEDOR, 
    IMPORTE_DE_VENTA)
 Values
   (5, 9, NULL, NULL, NULL, 
    NULL);
Insert into TIENE_ASIGNADO
   (ID_VENDEDOR, ID_CONTRATO, ID_COMPRADOR, FECHA_COMPRA, COMISION_VENDEDOR, 
    IMPORTE_DE_VENTA)
 Values
   (5, 10, NULL, NULL, NULL, 
    NULL);
Insert into TIENE_ASIGNADO
   (ID_VENDEDOR, ID_CONTRATO, ID_COMPRADOR, FECHA_COMPRA, COMISION_VENDEDOR, 
    IMPORTE_DE_VENTA)
 Values
   (5, 11, NULL, NULL, NULL, 
    NULL);
Insert into TIENE_ASIGNADO
   (ID_VENDEDOR, ID_CONTRATO, ID_COMPRADOR, FECHA_COMPRA, COMISION_VENDEDOR, 
    IMPORTE_DE_VENTA)
 Values
   (56, 12, 5, TO_DATE('08/03/2008 20:17:25', 'MM/DD/YYYY HH24:MI:SS'), 444, 
    500000);
Insert into TIENE_ASIGNADO
   (ID_VENDEDOR, ID_CONTRATO, ID_COMPRADOR, FECHA_COMPRA, COMISION_VENDEDOR, 
    IMPORTE_DE_VENTA)
 Values
   (56, 13, 50, TO_DATE('01/03/2009 20:17:09', 'MM/DD/YYYY HH24:MI:SS'), 342, 
    500000);
Insert into TIENE_ASIGNADO
   (ID_VENDEDOR, ID_CONTRATO, ID_COMPRADOR, FECHA_COMPRA, COMISION_VENDEDOR, 
    IMPORTE_DE_VENTA)
 Values
   (56, 14, NULL, NULL, NULL, 
    NULL);
Insert into TIENE_ASIGNADO
   (ID_VENDEDOR, ID_CONTRATO, ID_COMPRADOR, FECHA_COMPRA, COMISION_VENDEDOR, 
    IMPORTE_DE_VENTA)
 Values
   (56, 15, NULL, NULL, NULL, 
    NULL);
Insert into TIENE_ASIGNADO
   (ID_VENDEDOR, ID_CONTRATO, ID_COMPRADOR, FECHA_COMPRA, COMISION_VENDEDOR, 
    IMPORTE_DE_VENTA)
 Values
   (57, 12, NULL, NULL, NULL, 
    NULL);
Insert into TIENE_ASIGNADO
   (ID_VENDEDOR, ID_CONTRATO, ID_COMPRADOR, FECHA_COMPRA, COMISION_VENDEDOR, 
    IMPORTE_DE_VENTA)
 Values
   (57, 13, NULL, NULL, NULL, 
    NULL);
Insert into TIENE_ASIGNADO
   (ID_VENDEDOR, ID_CONTRATO, ID_COMPRADOR, FECHA_COMPRA, COMISION_VENDEDOR, 
    IMPORTE_DE_VENTA)
 Values
   (57, 14, 33, TO_DATE('01/03/2009 20:17:09', 'MM/DD/YYYY HH24:MI:SS'), 500, 
    500000);
Insert into TIENE_ASIGNADO
   (ID_VENDEDOR, ID_CONTRATO, ID_COMPRADOR, FECHA_COMPRA, COMISION_VENDEDOR, 
    IMPORTE_DE_VENTA)
 Values
   (57, 15, 33, TO_DATE('08/03/2008 20:17:25', 'MM/DD/YYYY HH24:MI:SS'), 500, 
    500000);
Insert into TIENE_ASIGNADO
   (ID_VENDEDOR, ID_CONTRATO, ID_COMPRADOR, FECHA_COMPRA, COMISION_VENDEDOR, 
    IMPORTE_DE_VENTA)
 Values
   (58, 12, NULL, NULL, NULL, 
    NULL);
Insert into TIENE_ASIGNADO
   (ID_VENDEDOR, ID_CONTRATO, ID_COMPRADOR, FECHA_COMPRA, COMISION_VENDEDOR, 
    IMPORTE_DE_VENTA)
 Values
   (58, 13, NULL, NULL, NULL, 
    NULL);
Insert into TIENE_ASIGNADO
   (ID_VENDEDOR, ID_CONTRATO, ID_COMPRADOR, FECHA_COMPRA, COMISION_VENDEDOR, 
    IMPORTE_DE_VENTA)
 Values
   (58, 14, NULL, NULL, NULL, 
    NULL);
Insert into TIENE_ASIGNADO
   (ID_VENDEDOR, ID_CONTRATO, ID_COMPRADOR, FECHA_COMPRA, COMISION_VENDEDOR, 
    IMPORTE_DE_VENTA)
 Values
   (58, 15, NULL, NULL, NULL, 
    NULL);
Insert into TIENE_ASIGNADO
   (ID_VENDEDOR, ID_CONTRATO, ID_COMPRADOR, FECHA_COMPRA, COMISION_VENDEDOR, 
    IMPORTE_DE_VENTA)
 Values
   (59, 17, 40, TO_DATE('08/03/2008 20:17:25', 'MM/DD/YYYY HH24:MI:SS'), 350, 
    500000);
Insert into TIENE_ASIGNADO
   (ID_VENDEDOR, ID_CONTRATO, ID_COMPRADOR, FECHA_COMPRA, COMISION_VENDEDOR, 
    IMPORTE_DE_VENTA)
 Values
   (59, 18, NULL, NULL, NULL, 
    NULL);
Insert into TIENE_ASIGNADO
   (ID_VENDEDOR, ID_CONTRATO, ID_COMPRADOR, FECHA_COMPRA, COMISION_VENDEDOR, 
    IMPORTE_DE_VENTA)
 Values
   (59, 19, NULL, NULL, NULL, 
    NULL);
Insert into TIENE_ASIGNADO
   (ID_VENDEDOR, ID_CONTRATO, ID_COMPRADOR, FECHA_COMPRA, COMISION_VENDEDOR, 
    IMPORTE_DE_VENTA)
 Values
   (59, 20, NULL, NULL, NULL, 
    NULL);
Insert into TIENE_ASIGNADO
   (ID_VENDEDOR, ID_CONTRATO, ID_COMPRADOR, FECHA_COMPRA, COMISION_VENDEDOR, 
    IMPORTE_DE_VENTA)
 Values
   (60, 16, NULL, NULL, NULL, 
    NULL);
Insert into TIENE_ASIGNADO
   (ID_VENDEDOR, ID_CONTRATO, ID_COMPRADOR, FECHA_COMPRA, COMISION_VENDEDOR, 
    IMPORTE_DE_VENTA)
 Values
   (60, 17, NULL, NULL, NULL, 
    NULL);
Insert into TIENE_ASIGNADO
   (ID_VENDEDOR, ID_CONTRATO, ID_COMPRADOR, FECHA_COMPRA, COMISION_VENDEDOR, 
    IMPORTE_DE_VENTA)
 Values
   (60, 18, NULL, NULL, NULL, 
    NULL);
Insert into TIENE_ASIGNADO
   (ID_VENDEDOR, ID_CONTRATO, ID_COMPRADOR, FECHA_COMPRA, COMISION_VENDEDOR, 
    IMPORTE_DE_VENTA)
 Values
   (60, 19, NULL, NULL, NULL, 
    NULL);
Insert into TIENE_ASIGNADO
   (ID_VENDEDOR, ID_CONTRATO, ID_COMPRADOR, FECHA_COMPRA, COMISION_VENDEDOR, 
    IMPORTE_DE_VENTA)
 Values
   (60, 20, 38, TO_DATE('08/03/2008 20:17:25', 'MM/DD/YYYY HH24:MI:SS'), 501, 
    500000);
Insert into TIENE_ASIGNADO
   (ID_VENDEDOR, ID_CONTRATO, ID_COMPRADOR, FECHA_COMPRA, COMISION_VENDEDOR, 
    IMPORTE_DE_VENTA)
 Values
   (1, 4, 2, TO_DATE('01/01/2009 16:24:05', 'MM/DD/YYYY HH24:MI:SS'), 200, 
    40000);
Insert into TIENE_ASIGNADO
   (ID_VENDEDOR, ID_CONTRATO, ID_COMPRADOR, FECHA_COMPRA, COMISION_VENDEDOR, 
    IMPORTE_DE_VENTA)
 Values
   (2, 2, 1, TO_DATE('01/01/2009 16:24:05', 'MM/DD/YYYY HH24:MI:SS'), 500, 
    500000);
COMMIT;

SET DEFINE OFF;
Insert into TIPO_GASTO
   (ID_TIPO_GASTO, DESCRIPCION)
 Values
   (1, 'ABL');
Insert into TIPO_GASTO
   (ID_TIPO_GASTO, DESCRIPCION)
 Values
   (2, 'Luz');
Insert into TIPO_GASTO
   (ID_TIPO_GASTO, DESCRIPCION)
 Values
   (3, 'Agua');
Insert into TIPO_GASTO
   (ID_TIPO_GASTO, DESCRIPCION)
 Values
   (4, 'Expensas');
COMMIT;

SET DEFINE OFF;
Insert into TIPO_INMUEBLE
   (ID_TIPO_INMUEBLE, DESCRIPCION)
 Values
   (1, 'loft');
Insert into TIPO_INMUEBLE
   (ID_TIPO_INMUEBLE, DESCRIPCION)
 Values
   (2, 'departamento');
Insert into TIPO_INMUEBLE
   (ID_TIPO_INMUEBLE, DESCRIPCION)
 Values
   (3, 'casa');
Insert into TIPO_INMUEBLE
   (ID_TIPO_INMUEBLE, DESCRIPCION)
 Values
   (4, 'chalet');
COMMIT;

SET DEFINE OFF;
Insert into VENDEDOR
   (ID_VENDEDOR, APELLIDO, DOMICILIO, TELEFONO, EMAIL, 
    FECHA_COMIENZO, EXPERIENCIA)
 Values
   (56, 'apellido vend. 6', 'domicilio vend. 6', 'telefono vend. 6', 'email vend. 6', 
    TO_DATE('01/01/2009 00:00:00', 'MM/DD/YYYY HH24:MI:SS'), 'experiencia 6');
Insert into VENDEDOR
   (ID_VENDEDOR, APELLIDO, DOMICILIO, TELEFONO, EMAIL, 
    FECHA_COMIENZO, EXPERIENCIA)
 Values
   (57, 'apellido vend. 7', 'domicilio vend. 7', 'telefono vend. 7', 'email vend. 7', 
    TO_DATE('01/02/2009 00:00:00', 'MM/DD/YYYY HH24:MI:SS'), 'experiencia 7');
Insert into VENDEDOR
   (ID_VENDEDOR, APELLIDO, DOMICILIO, TELEFONO, EMAIL, 
    FECHA_COMIENZO, EXPERIENCIA)
 Values
   (58, 'apellido vend. 8', 'domicilio vend. 8', 'telefono vend. 8', 'email vend. 8', 
    TO_DATE('01/03/2009 00:00:00', 'MM/DD/YYYY HH24:MI:SS'), 'experiencia 8');
Insert into VENDEDOR
   (ID_VENDEDOR, APELLIDO, DOMICILIO, TELEFONO, EMAIL, 
    FECHA_COMIENZO, EXPERIENCIA)
 Values
   (59, 'apellido vend. 9', 'domicilio vend. 9', 'telefono vend. 9', 'email vend. 9', 
    TO_DATE('01/04/2009 00:00:00', 'MM/DD/YYYY HH24:MI:SS'), 'experiencia 9');
Insert into VENDEDOR
   (ID_VENDEDOR, APELLIDO, DOMICILIO, TELEFONO, EMAIL, 
    FECHA_COMIENZO, EXPERIENCIA)
 Values
   (60, 'apellido vend. 10', 'domicilio vend. 10', 'telefono vend. 10', 'email vend. 10', 
    TO_DATE('01/05/2009 00:00:00', 'MM/DD/YYYY HH24:MI:SS'), 'experiencia 10');
Insert into VENDEDOR
   (ID_VENDEDOR, APELLIDO, DOMICILIO, TELEFONO, EMAIL, 
    FECHA_COMIENZO, EXPERIENCIA)
 Values
   (5, 'Perez', 'Miler 33', '43339999', 'vend5@uba.com', 
    TO_DATE('05/03/2009 16:32:50', 'MM/DD/YYYY HH24:MI:SS'), NULL);
Insert into VENDEDOR
   (ID_VENDEDOR, APELLIDO, DOMICILIO, TELEFONO, EMAIL, 
    FECHA_COMIENZO, EXPERIENCIA)
 Values
   (1, 'Tete', 'Molo 888', '44445555', 'vend1@uba.com', 
    TO_DATE('04/29/2009 18:39:32', 'MM/DD/YYYY HH24:MI:SS'), NULL);
Insert into VENDEDOR
   (ID_VENDEDOR, APELLIDO, DOMICILIO, TELEFONO, EMAIL, 
    FECHA_COMIENZO, EXPERIENCIA)
 Values
   (2, 'Gazza', 'Piran 1234', '5556666', 'vend2@uba.com', 
    TO_DATE('04/29/2009 18:41:12', 'MM/DD/YYYY HH24:MI:SS'), NULL);
Insert into VENDEDOR
   (ID_VENDEDOR, APELLIDO, DOMICILIO, TELEFONO, EMAIL, 
    FECHA_COMIENZO, EXPERIENCIA)
 Values
   (3, 'Bono', 'Pieres 454', '67890987', 'vend3@uba.com', 
    TO_DATE('04/29/2009 18:42:16', 'MM/DD/YYYY HH24:MI:SS'), NULL);
Insert into VENDEDOR
   (ID_VENDEDOR, APELLIDO, DOMICILIO, TELEFONO, EMAIL, 
    FECHA_COMIENZO, EXPERIENCIA)
 Values
   (4, 'Ojeda', 'Muerto 453', '76767676', 'vend4@uba.com', 
    TO_DATE('04/29/2009 18:42:55', 'MM/DD/YYYY HH24:MI:SS'), NULL);
COMMIT;

SET DEFINE OFF;
Insert into ZONA
   (ID_ZONA, DESCRIPCION)
 Values
   (1, 'barrio norte');
Insert into ZONA
   (ID_ZONA, DESCRIPCION)
 Values
   (2, 'balvanera');
Insert into ZONA
   (ID_ZONA, DESCRIPCION)
 Values
   (3, 'palermo');
Insert into ZONA
   (ID_ZONA, DESCRIPCION)
 Values
   (4, 'avellaneda');
COMMIT;
